﻿<?xml version="1.0" encoding="utf-8"?>
<abapGit version="v1.0.0" serializer="LCL_OBJECT_SUSO" serializer_version="v1.0.0">
 <asx:abap xmlns:asx="http://www.sap.com/abapxml" version="1.0">
  <asx:values>
   <TOBJ>
    <OBJCT>Z_S_DST</OBJCT>
    <FIEL1>ACTVT</FIEL1>
    <OCLSS>ZDST</OCLSS>
   </TOBJ>
   <TOBJT>
    <LANGU>E</LANGU>
    <OBJECT>Z_S_DST</OBJECT>
    <TTEXT>Data Scrambling Tool authorization object</TTEXT>
   </TOBJT>
   <TOBJVORFLG>
    <OBJCT>Z_S_DST</OBJCT>
   </TOBJVORFLG>
   <TACTZ>
    <TACTZ>
     <BROBJ>Z_S_DST</BROBJ>
     <ACTVT>02</ACTVT>
    </TACTZ>
    <TACTZ>
     <BROBJ>Z_S_DST</BROBJ>
     <ACTVT>16</ACTVT>
    </TACTZ>
   </TACTZ>
  </asx:values>
 </asx:abap>
</abapGit>
