﻿<?xml version="1.0" encoding="utf-8"?>
<abapGit version="v1.0.0" serializer="LCL_OBJECT_VCLS" serializer_version="v1.0.0">
 <asx:abap xmlns:asx="http://www.sap.com/abapxml" version="1.0">
  <asx:values>
   <VCLDIR>
    <VCLNAME>ZCF_DST_CONFIG_VIEW</VCLNAME>
    <TEXT>DST - Configuration</TEXT>
   </VCLDIR>
   <VLCSTRUC_TAB>
    <V_VCLSTRUC>
     <VCLNAME>ZCF_DST_CONFIG_VIEW</VCLNAME>
     <OBJECT>ZCFT_DST_FIELDS</OBJECT>
     <OBJECTTEXT>Table / Field</OBJECTTEXT>
     <PREDOBJECT>ZCFT_DST_FIELDS</PREDOBJECT>
     <DEPENDENCY>R</DEPENDENCY>
     <OBJPOS>01</OBJPOS>
     <OBJLEVEL>01</OBJLEVEL>
     <STARTOBJ>X</STARTOBJ>
    </V_VCLSTRUC>
    <V_VCLSTRUC>
     <VCLNAME>ZCF_DST_CONFIG_VIEW</VCLNAME>
     <OBJECT>ZCFT_DST_KEYS</OBJECT>
     <OBJECTTEXT>Table Keys</OBJECTTEXT>
     <PREDOBJECT>ZCFT_DST_FIELDS</PREDOBJECT>
     <DEPENDENCY>S</DEPENDENCY>
     <OBJPOS>02</OBJPOS>
     <OBJLEVEL>02</OBJLEVEL>
    </V_VCLSTRUC>
   </VLCSTRUC_TAB>
   <VCLSTRUDEP_TAB>
    <V_VCLSTDEP>
     <VCLNAME>ZCF_DST_CONFIG_VIEW</VCLNAME>
     <OBJECT>ZCFT_DST_FIELDS</OBJECT>
     <PREDOBJECT>ZCFT_DST_FIELDS</PREDOBJECT>
    </V_VCLSTDEP>
    <V_VCLSTDEP>
     <VCLNAME>ZCF_DST_CONFIG_VIEW</VCLNAME>
     <OBJECT>ZCFT_DST_KEYS</OBJECT>
     <OBJFIELD>TABNAME</OBJFIELD>
     <PREDOBJECT>ZCFT_DST_FIELDS</PREDOBJECT>
     <PREDFIELD>TABNAME</PREDFIELD>
    </V_VCLSTDEP>
   </VCLSTRUDEP_TAB>
  </asx:values>
 </asx:abap>
</abapGit>
