﻿<?xml version="1.0" encoding="utf-8"?>
<abapGit version="v1.0.0" serializer="LCL_OBJECT_TOBJ" serializer_version="v1.0.0">
 <asx:abap xmlns:asx="http://www.sap.com/abapxml" version="1.0">
  <asx:values>
   <OBJH>
    <OBJECTNAME>ZCFT_DST_FIELDS</OBJECTNAME>
    <OBJECTTYPE>S</OBJECTTYPE>
    <CLIDEP>X</CLIDEP>
    <OBJCATEG>CUST</OBJCATEG>
    <OBJTRANSP>2</OBJTRANSP>
    <IMPORTABLE>3</IMPORTABLE>
   </OBJH>
   <OBJT>
    <LANGUAGE>E</LANGUAGE>
    <OBJECTNAME>ZCFT_DST_FIELDS</OBJECTNAME>
    <OBJECTTYPE>S</OBJECTTYPE>
    <DDTEXT>Data Scrumbling Tool - Fields to be scrumbled</DDTEXT>
   </OBJT>
   <OBJS>
    <OBJS>
     <OBJECTNAME>ZCFT_DST_FIELDS</OBJECTNAME>
     <OBJECTTYPE>S</OBJECTTYPE>
     <TABNAME>ZCFT_DST_FIELDS</TABNAME>
     <DDIC>X</DDIC>
     <PRIM_TABLE>X</PRIM_TABLE>
    </OBJS>
   </OBJS>
   <TOBJ>
    <TDDAT>
     <TABNAME>ZCFT_DST_FIELDS</TABNAME>
     <CCLASS>&amp;NC&amp;</CCLASS>
    </TDDAT>
    <TVDIR>
     <TABNAME>ZCFT_DST_FIELDS</TABNAME>
     <AREA>ZFG_DST</AREA>
     <TYPE>2</TYPE>
     <LISTE>0003</LISTE>
     <DETAIL>0004</DETAIL>
     <BASTAB>X</BASTAB>
    </TVDIR>
   </TOBJ>
  </asx:values>
 </asx:abap>
</abapGit>
