﻿<?xml version="1.0" encoding="utf-8"?>
<abapGit version="v1.0.0" serializer="LCL_OBJECT_TABL" serializer_version="v1.0.0">
 <asx:abap xmlns:asx="http://www.sap.com/abapxml" version="1.0">
  <asx:values>
   <DD02V>
    <TABNAME>ZCFT_DST_KEYS</TABNAME>
    <DDLANGUAGE>E</DDLANGUAGE>
    <TABCLASS>TRANSP</TABCLASS>
    <CLIDEP>X</CLIDEP>
    <DDTEXT>Data Scrumbling Tool - Table Keys for Scrambling</DDTEXT>
    <MAINFLAG>X</MAINFLAG>
    <CONTFLAG>C</CONTFLAG>
   </DD02V>
   <DD09L>
    <TABNAME>ZCFT_DST_KEYS</TABNAME>
    <AS4LOCAL>A</AS4LOCAL>
    <TABKAT>2</TABKAT>
    <TABART>APPL2</TABART>
    <PROTOKOLL>X</PROTOKOLL>
    <BUFALLOW>N</BUFALLOW>
   </DD09L>
   <DD03P_TABLE>
    <DD03P>
     <TABNAME>ZCFT_DST_KEYS</TABNAME>
     <FIELDNAME>MANDT</FIELDNAME>
     <POSITION>0001</POSITION>
     <KEYFLAG>X</KEYFLAG>
     <ROLLNAME>MANDT</ROLLNAME>
     <ADMINFIELD>0</ADMINFIELD>
     <NOTNULL>X</NOTNULL>
     <COMPTYPE>E</COMPTYPE>
    </DD03P>
    <DD03P>
     <TABNAME>ZCFT_DST_KEYS</TABNAME>
     <FIELDNAME>TABNAME</FIELDNAME>
     <POSITION>0002</POSITION>
     <KEYFLAG>X</KEYFLAG>
     <ROLLNAME>TABNAME</ROLLNAME>
     <CHECKTABLE>DD02L</CHECKTABLE>
     <ADMINFIELD>0</ADMINFIELD>
     <NOTNULL>X</NOTNULL>
     <SHLPORIGIN>P</SHLPORIGIN>
     <COMPTYPE>E</COMPTYPE>
    </DD03P>
    <DD03P>
     <TABNAME>ZCFT_DST_KEYS</TABNAME>
     <FIELDNAME>FIELD</FIELDNAME>
     <POSITION>0003</POSITION>
     <KEYFLAG>X</KEYFLAG>
     <ROLLNAME>FIELDNAME</ROLLNAME>
     <ADMINFIELD>0</ADMINFIELD>
     <NOTNULL>X</NOTNULL>
     <COMPTYPE>E</COMPTYPE>
    </DD03P>
    <DD03P>
     <TABNAME>ZCFT_DST_KEYS</TABNAME>
     <FIELDNAME>SIGN</FIELDNAME>
     <POSITION>0004</POSITION>
     <KEYFLAG>X</KEYFLAG>
     <ROLLNAME>SE16N_SIGN</ROLLNAME>
     <ADMINFIELD>0</ADMINFIELD>
     <NOTNULL>X</NOTNULL>
     <VALEXI>X</VALEXI>
     <SHLPORIGIN>F</SHLPORIGIN>
     <COMPTYPE>E</COMPTYPE>
    </DD03P>
    <DD03P>
     <TABNAME>ZCFT_DST_KEYS</TABNAME>
     <FIELDNAME>ZOPTION</FIELDNAME>
     <POSITION>0005</POSITION>
     <KEYFLAG>X</KEYFLAG>
     <ROLLNAME>SE16N_OPTION</ROLLNAME>
     <ADMINFIELD>0</ADMINFIELD>
     <NOTNULL>X</NOTNULL>
     <COMPTYPE>E</COMPTYPE>
    </DD03P>
    <DD03P>
     <TABNAME>ZCFT_DST_KEYS</TABNAME>
     <FIELDNAME>LOW</FIELDNAME>
     <POSITION>0006</POSITION>
     <KEYFLAG>X</KEYFLAG>
     <ROLLNAME>SE16N_VALUE</ROLLNAME>
     <ADMINFIELD>0</ADMINFIELD>
     <NOTNULL>X</NOTNULL>
     <COMPTYPE>E</COMPTYPE>
    </DD03P>
    <DD03P>
     <TABNAME>ZCFT_DST_KEYS</TABNAME>
     <FIELDNAME>HIGH</FIELDNAME>
     <POSITION>0007</POSITION>
     <KEYFLAG>X</KEYFLAG>
     <ROLLNAME>SE16N_VALUE</ROLLNAME>
     <ADMINFIELD>0</ADMINFIELD>
     <NOTNULL>X</NOTNULL>
     <COMPTYPE>E</COMPTYPE>
    </DD03P>
   </DD03P_TABLE>
   <DD05M_TABLE>
    <DD05M>
     <TABNAME>ZCFT_DST_KEYS</TABNAME>
     <FIELDNAME>TABNAME</FIELDNAME>
     <FORTABLE>ZCFT_DST_KEYS</FORTABLE>
     <FORKEY>TABNAME</FORKEY>
     <CHECKTABLE>DD02L</CHECKTABLE>
     <CHECKFIELD>TABNAME</CHECKFIELD>
     <PRIMPOS>0001</PRIMPOS>
     <DOMNAME>AS4TAB</DOMNAME>
     <DATATYPE>CHAR</DATATYPE>
     <LENG>000030</LENG>
    </DD05M>
    <DD05M>
     <TABNAME>ZCFT_DST_KEYS</TABNAME>
     <FIELDNAME>TABNAME</FIELDNAME>
     <FORTABLE>*</FORTABLE>
     <CHECKTABLE>DD02L</CHECKTABLE>
     <CHECKFIELD>AS4LOCAL</CHECKFIELD>
     <PRIMPOS>0002</PRIMPOS>
     <DOMNAME>AS4LOCAL</DOMNAME>
     <DATATYPE>CHAR</DATATYPE>
     <LENG>000001</LENG>
    </DD05M>
    <DD05M>
     <TABNAME>ZCFT_DST_KEYS</TABNAME>
     <FIELDNAME>TABNAME</FIELDNAME>
     <FORTABLE>*</FORTABLE>
     <CHECKTABLE>DD02L</CHECKTABLE>
     <CHECKFIELD>AS4VERS</CHECKFIELD>
     <PRIMPOS>0003</PRIMPOS>
     <DOMNAME>AS4VERS</DOMNAME>
     <DATATYPE>NUMC</DATATYPE>
     <LENG>000004</LENG>
    </DD05M>
   </DD05M_TABLE>
   <DD08V_TABLE>
    <DD08V>
     <TABNAME>ZCFT_DST_KEYS</TABNAME>
     <FIELDNAME>TABNAME</FIELDNAME>
     <DDLANGUAGE>E</DDLANGUAGE>
     <CHECKTABLE>DD02L</CHECKTABLE>
     <CLASFIELD>*</CLASFIELD>
    </DD08V>
   </DD08V_TABLE>
   <TABL_EXTRAS>
    <TDDAT>
     <TABNAME>ZCFT_DST_KEYS</TABNAME>
     <CCLASS>&amp;NC&amp;</CCLASS>
    </TDDAT>
   </TABL_EXTRAS>
  </asx:values>
 </asx:abap>
</abapGit>
