﻿<?xml version="1.0" encoding="utf-8"?>
<abapGit version="v1.0.0" serializer="LCL_OBJECT_TABL" serializer_version="v1.0.0">
 <asx:abap xmlns:asx="http://www.sap.com/abapxml" version="1.0">
  <asx:values>
   <DD02V>
    <TABNAME>ZCFT_DST_FIELDS</TABNAME>
    <DDLANGUAGE>E</DDLANGUAGE>
    <TABCLASS>TRANSP</TABCLASS>
    <CLIDEP>X</CLIDEP>
    <DDTEXT>Data Scrumbling Tool - Fields to be scrumbled</DDTEXT>
    <MAINFLAG>X</MAINFLAG>
    <CONTFLAG>C</CONTFLAG>
   </DD02V>
   <DD09L>
    <TABNAME>ZCFT_DST_FIELDS</TABNAME>
    <AS4LOCAL>A</AS4LOCAL>
    <TABKAT>1</TABKAT>
    <TABART>APPL0</TABART>
    <PROTOKOLL>X</PROTOKOLL>
    <BUFALLOW>N</BUFALLOW>
   </DD09L>
   <DD03P_TABLE>
    <DD03P>
     <TABNAME>ZCFT_DST_FIELDS</TABNAME>
     <FIELDNAME>MANDT</FIELDNAME>
     <POSITION>0001</POSITION>
     <KEYFLAG>X</KEYFLAG>
     <ROLLNAME>MANDT</ROLLNAME>
     <ADMINFIELD>0</ADMINFIELD>
     <NOTNULL>X</NOTNULL>
     <COMPTYPE>E</COMPTYPE>
    </DD03P>
    <DD03P>
     <TABNAME>ZCFT_DST_FIELDS</TABNAME>
     <FIELDNAME>TABNAME</FIELDNAME>
     <POSITION>0002</POSITION>
     <KEYFLAG>X</KEYFLAG>
     <ROLLNAME>TABNAME</ROLLNAME>
     <CHECKTABLE>DD02L</CHECKTABLE>
     <ADMINFIELD>0</ADMINFIELD>
     <NOTNULL>X</NOTNULL>
     <SHLPORIGIN>P</SHLPORIGIN>
     <COMPTYPE>E</COMPTYPE>
    </DD03P>
    <DD03P>
     <TABNAME>ZCFT_DST_FIELDS</TABNAME>
     <FIELDNAME>FIELDNAME</FIELDNAME>
     <POSITION>0003</POSITION>
     <KEYFLAG>X</KEYFLAG>
     <ROLLNAME>FIELDNAME</ROLLNAME>
     <CHECKTABLE>DD03L</CHECKTABLE>
     <ADMINFIELD>0</ADMINFIELD>
     <NOTNULL>X</NOTNULL>
     <SHLPORIGIN>X</SHLPORIGIN>
     <COMPTYPE>E</COMPTYPE>
    </DD03P>
    <DD03P>
     <TABNAME>ZCFT_DST_FIELDS</TABNAME>
     <FIELDNAME>KEY_EXIST</FIELDNAME>
     <POSITION>0004</POSITION>
     <ROLLNAME>CHAR4</ROLLNAME>
     <ADMINFIELD>0</ADMINFIELD>
     <COMPTYPE>E</COMPTYPE>
    </DD03P>
   </DD03P_TABLE>
   <DD05M_TABLE>
    <DD05M>
     <TABNAME>ZCFT_DST_FIELDS</TABNAME>
     <FIELDNAME>FIELDNAME</FIELDNAME>
     <FORTABLE>ZCFT_DST_FIELDS</FORTABLE>
     <FORKEY>TABNAME</FORKEY>
     <CHECKTABLE>DD03L</CHECKTABLE>
     <CHECKFIELD>TABNAME</CHECKFIELD>
     <PRIMPOS>0001</PRIMPOS>
     <DOMNAME>AS4TAB</DOMNAME>
     <DATATYPE>CHAR</DATATYPE>
     <LENG>000030</LENG>
    </DD05M>
    <DD05M>
     <TABNAME>ZCFT_DST_FIELDS</TABNAME>
     <FIELDNAME>FIELDNAME</FIELDNAME>
     <FORTABLE>ZCFT_DST_FIELDS</FORTABLE>
     <FORKEY>FIELDNAME</FORKEY>
     <CHECKTABLE>DD03L</CHECKTABLE>
     <CHECKFIELD>FIELDNAME</CHECKFIELD>
     <PRIMPOS>0002</PRIMPOS>
     <DOMNAME>FDNAME</DOMNAME>
     <DATATYPE>CHAR</DATATYPE>
     <LENG>000030</LENG>
    </DD05M>
    <DD05M>
     <TABNAME>ZCFT_DST_FIELDS</TABNAME>
     <FIELDNAME>FIELDNAME</FIELDNAME>
     <FORTABLE>*</FORTABLE>
     <CHECKTABLE>DD03L</CHECKTABLE>
     <CHECKFIELD>AS4LOCAL</CHECKFIELD>
     <PRIMPOS>0003</PRIMPOS>
     <DOMNAME>AS4LOCAL</DOMNAME>
     <DATATYPE>CHAR</DATATYPE>
     <LENG>000001</LENG>
    </DD05M>
    <DD05M>
     <TABNAME>ZCFT_DST_FIELDS</TABNAME>
     <FIELDNAME>FIELDNAME</FIELDNAME>
     <FORTABLE>*</FORTABLE>
     <CHECKTABLE>DD03L</CHECKTABLE>
     <CHECKFIELD>AS4VERS</CHECKFIELD>
     <PRIMPOS>0004</PRIMPOS>
     <DOMNAME>AS4VERS</DOMNAME>
     <DATATYPE>NUMC</DATATYPE>
     <LENG>000004</LENG>
    </DD05M>
    <DD05M>
     <TABNAME>ZCFT_DST_FIELDS</TABNAME>
     <FIELDNAME>FIELDNAME</FIELDNAME>
     <FORTABLE>*</FORTABLE>
     <CHECKTABLE>DD03L</CHECKTABLE>
     <CHECKFIELD>POSITION</CHECKFIELD>
     <PRIMPOS>0005</PRIMPOS>
     <DOMNAME>AS4POS</DOMNAME>
     <DATATYPE>NUMC</DATATYPE>
     <LENG>000004</LENG>
    </DD05M>
    <DD05M>
     <TABNAME>ZCFT_DST_FIELDS</TABNAME>
     <FIELDNAME>TABNAME</FIELDNAME>
     <FORTABLE>ZCFT_DST_FIELDS</FORTABLE>
     <FORKEY>TABNAME</FORKEY>
     <CHECKTABLE>DD02L</CHECKTABLE>
     <CHECKFIELD>TABNAME</CHECKFIELD>
     <PRIMPOS>0001</PRIMPOS>
     <DOMNAME>AS4TAB</DOMNAME>
     <DATATYPE>CHAR</DATATYPE>
     <LENG>000030</LENG>
    </DD05M>
    <DD05M>
     <TABNAME>ZCFT_DST_FIELDS</TABNAME>
     <FIELDNAME>TABNAME</FIELDNAME>
     <FORTABLE>*</FORTABLE>
     <CHECKTABLE>DD02L</CHECKTABLE>
     <CHECKFIELD>AS4LOCAL</CHECKFIELD>
     <PRIMPOS>0002</PRIMPOS>
     <DOMNAME>AS4LOCAL</DOMNAME>
     <DATATYPE>CHAR</DATATYPE>
     <LENG>000001</LENG>
    </DD05M>
    <DD05M>
     <TABNAME>ZCFT_DST_FIELDS</TABNAME>
     <FIELDNAME>TABNAME</FIELDNAME>
     <FORTABLE>*</FORTABLE>
     <CHECKTABLE>DD02L</CHECKTABLE>
     <CHECKFIELD>AS4VERS</CHECKFIELD>
     <PRIMPOS>0003</PRIMPOS>
     <DOMNAME>AS4VERS</DOMNAME>
     <DATATYPE>NUMC</DATATYPE>
     <LENG>000004</LENG>
    </DD05M>
   </DD05M_TABLE>
   <DD08V_TABLE>
    <DD08V>
     <TABNAME>ZCFT_DST_FIELDS</TABNAME>
     <FIELDNAME>FIELDNAME</FIELDNAME>
     <DDLANGUAGE>E</DDLANGUAGE>
     <CHECKTABLE>DD03L</CHECKTABLE>
     <CLASFIELD>*</CLASFIELD>
    </DD08V>
    <DD08V>
     <TABNAME>ZCFT_DST_FIELDS</TABNAME>
     <FIELDNAME>TABNAME</FIELDNAME>
     <DDLANGUAGE>E</DDLANGUAGE>
     <CHECKTABLE>DD02L</CHECKTABLE>
     <CLASFIELD>*</CLASFIELD>
    </DD08V>
   </DD08V_TABLE>
   <DD35V_TALE>
    <DD35V>
     <TABNAME>ZCFT_DST_FIELDS</TABNAME>
     <FIELDNAME>FIELDNAME</FIELDNAME>
     <SHLPNAME>SGT_TABLE_FIELDS</SHLPNAME>
    </DD35V>
   </DD35V_TALE>
   <DD36M>
    <DD36M>
     <TABNAME>ZCFT_DST_FIELDS</TABNAME>
     <FIELDNAME>FIELDNAME</FIELDNAME>
     <SHLPNAME>SGT_TABLE_FIELDS</SHLPNAME>
     <SHLPFIELD>DATATYPE</SHLPFIELD>
     <FLPOSITION>0004</FLPOSITION>
     <SHTYPE>G</SHTYPE>
     <SHLPINPUT>X</SHLPINPUT>
     <ROLLNAME>DATATYPE_D</ROLLNAME>
     <DOMNAME>DATATYPE</DOMNAME>
     <DATATYPE>CHAR</DATATYPE>
     <LENG>000004</LENG>
    </DD36M>
    <DD36M>
     <TABNAME>ZCFT_DST_FIELDS</TABNAME>
     <FIELDNAME>FIELDNAME</FIELDNAME>
     <SHLPNAME>SGT_TABLE_FIELDS</SHLPNAME>
     <SHLPFIELD>FIELDNAME</SHLPFIELD>
     <FLPOSITION>0002</FLPOSITION>
     <SHTABLE>ZCFT_DST_FIELDS</SHTABLE>
     <SHFIELD>FIELDNAME</SHFIELD>
     <SHLPOUTPUT>X</SHLPOUTPUT>
     <ROLLNAME>FIELDNAME</ROLLNAME>
     <DOMNAME>FDNAME</DOMNAME>
     <DATATYPE>CHAR</DATATYPE>
     <LENG>000030</LENG>
    </DD36M>
    <DD36M>
     <TABNAME>ZCFT_DST_FIELDS</TABNAME>
     <FIELDNAME>FIELDNAME</FIELDNAME>
     <SHLPNAME>SGT_TABLE_FIELDS</SHLPNAME>
     <SHLPFIELD>TABNAME</SHLPFIELD>
     <FLPOSITION>0001</FLPOSITION>
     <SHTABLE>ZCFT_DST_FIELDS</SHTABLE>
     <SHFIELD>TABNAME</SHFIELD>
     <SHLPINPUT>X</SHLPINPUT>
     <ROLLNAME>TABNAME</ROLLNAME>
     <DOMNAME>AS4TAB</DOMNAME>
     <DATATYPE>CHAR</DATATYPE>
     <LENG>000030</LENG>
    </DD36M>
   </DD36M>
   <TABL_EXTRAS>
    <TDDAT>
     <TABNAME>ZCFT_DST_FIELDS</TABNAME>
     <CCLASS>&amp;NC&amp;</CCLASS>
    </TDDAT>
   </TABL_EXTRAS>
  </asx:values>
 </asx:abap>
</abapGit>
